{
    "accuracy": 0.48,
    "precision": 0.46236559139784944,
    "recall": 0.9555555555555556,
    "f1": 0.6231884057971014,
    "roc_auc": 0.5186363636363637,
    "average_precision": 0.45474310416785246,
    "confusion_matrix": [
        [
            10,
            100
        ],
        [
            4,
            86
        ]
    ],
    "threshold": 0.4457647502422333
}