{
    "accuracy": 0.7886640514687123,
    "precision": 0.7198107495539326,
    "recall": 0.8106726690120871,
    "f1": 0.7625445587266989,
    "roc_auc": 0.8574620855781155,
    "average_precision": 0.7971485038111422,
    "confusion_matrix": [
        [
            177886,
            52292
        ],
        [
            31374,
            134339
        ]
    ],
    "threshold_used": 0.49309203028678894,
    "train_accuracy": 0.7884744272829536,
    "train_precision": 0.7197876447876448,
    "train_recall": 0.8099907671697453,
    "train_f1": 0.7622298001379926,
    "train_roc_auc": 0.8576009719975196,
    "train_average_precision": 0.7975889833854217,
    "val_accuracy": 0.7884720794360064,
    "val_precision": 0.7200740999275109,
    "val_recall": 0.809248520031621,
    "val_f1": 0.7620614408946776,
    "val_roc_auc": 0.8577520539159589,
    "val_average_precision": 0.7980854821352654,
    "train_test_accuracy_gap": -0.00018962418575874107,
    "train_test_roc_auc_gap": 0.00013888641940407176,
    "train_val_accuracy_gap": 2.3478469471927e-06,
    "val_test_accuracy_gap": -0.00019197203270593377,
    "best_pr_threshold": 0.49309203028678894,
    "f1_at_best_threshold": 0.7625445537443218
}