{
    "accuracy": 0.7954740067341768,
    "precision": 0.7434374192065726,
    "recall": 0.7808620928955483,
    "f1": 0.761690329872148,
    "roc_auc": 0.8545450002248318,
    "average_precision": 0.794221519046276,
    "confusion_matrix": [
        [
            185522,
            44656
        ],
        [
            36314,
            129399
        ]
    ],
    "threshold_used": 0.5006386637687683,
    "train_accuracy": 0.7950772603883901,
    "train_precision": 0.7431284252481508,
    "train_recall": 0.7800816270700951,
    "train_f1": 0.7611567822932113,
    "train_roc_auc": 0.8545431560399709,
    "train_average_precision": 0.7944098541254294,
    "val_accuracy": 0.7950774329297711,
    "val_precision": 0.743502642700045,
    "val_recall": 0.7792750116164694,
    "val_f1": 0.7609686534138286,
    "val_roc_auc": 0.854635257101655,
    "val_average_precision": 0.7947444175586973,
    "train_test_accuracy_gap": -0.00039674634578668044,
    "train_test_roc_auc_gap": -1.8441848609329625e-06,
    "train_val_accuracy_gap": -1.7254138096056693e-07,
    "val_test_accuracy_gap": -0.0003965738044057199
}