{
    "accuracy": 0.9998,
    "precision": 1.0,
    "recall": 0.9996,
    "f1": 0.9997999599919984,
    "roc_auc": 0.9998938600000001,
    "confusion_matrix": [
        [
            10000,
            0
        ],
        [
            4,
            9996
        ]
    ],
    "val_accuracy": 1.0,
    "val_precision": 1.0,
    "val_recall": 1.0,
    "val_f1": 1.0,
    "val_roc_auc": 1.0,
    "cv_scores": [
        0.9999140380859375,
        1.0,
        0.9998344116210938,
        0.9998889892578124,
        1.0
    ],
    "cv_mean": 0.9999274877929686,
    "cv_std": 6.456352830568587e-05,
    "model_params": {
        "n_estimators": 100,
        "max_depth": 3,
        "learning_rate": 0.01,
        "subsample": 0.7,
        "colsample_bytree": 0.6,
        "colsample_bylevel": 0.6,
        "min_child_weight": 15,
        "gamma": 2.0,
        "reg_alpha": 2.0,
        "reg_lambda": 3.0,
        "scale_pos_weight": 1.0,
        "objective": "binary:logistic",
        "eval_metric": [
            "auc",
            "error",
            "logloss"
        ],
        "random_state": 42,
        "enable_categorical": true
    },
    "val_test_accuracy_gap": 0.00019999999999997797
}